,date time,Free,month,day,hour,minu,weekday
0,2011-11-28 00:00:00,0,11,28,0,0,0
1,2011-11-28 00:15:00,0,11,28,0,15,0
2,2011-11-28 00:30:00,0,11,28,0,30,0
3,2011-11-28 00:45:00,0,11,28,0,45,0
4,2011-11-28 01:00:00,0,11,28,1,0,0
5,2011-11-28 01:15:00,0,11,28,1,15,0
6,2011-11-28 01:30:00,0,11,28,1,30,0
7,2011-11-28 01:45:00,0,11,28,1,45,0
8,2011-11-28 02:00:00,0,11,28,2,0,0
9,2011-11-28 02:15:00,0,11,28,2,15,0
10,2011-11-28 02:30:00,0,11,28,2,30,0
11,2011-11-28 02:45:00,0,11,28,2,45,0
12,2011-11-28 03:00:00,0,11,28,3,0,0
13,2011-11-28 03:15:00,0,11,28,3,15,0
14,2011-11-28 03:30:00,0,11,28,3,30,0
15,2011-11-28 03:45:00,0,11,28,3,45,0
16,2011-11-28 04:00:00,0,11,28,4,0,0
17,2011-11-28 04:15:00,0,11,28,4,15,0
18,2011-11-28 04:30:00,0,11,28,4,30,0
19,2011-11-28 04:45:00,0,11,28,4,45,0
20,2011-11-28 05:00:00,0,11,28,5,0,0
21,2011-11-28 05:15:00,0,11,28,5,15,0
22,2011-11-28 05:30:00,0,11,28,5,30,0
23,2011-11-28 05:45:00,0,11,28,5,45,0
24,2011-11-28 06:00:00,0,11,28,6,0,0
25,2011-11-28 06:15:00,0,11,28,6,15,0
26,2011-11-28 06:30:00,0,11,28,6,30,0
27,2011-11-28 06:45:00,0,11,28,6,45,0
28,2011-11-28 07:00:00,0,11,28,7,0,0
29,2011-11-28 07:15:00,0,11,28,7,15,0
30,2011-11-28 07:30:00,0,11,28,7,30,0
31,2011-11-28 07:45:00,0,11,28,7,45,0
32,2011-11-28 08:00:00,0,11,28,8,0,0
33,2011-11-28 08:15:00,0,11,28,8,15,0
34,2011-11-28 08:30:00,0,11,28,8,30,0
35,2011-11-28 08:45:00,0,11,28,8,45,0
36,2011-11-28 09:00:00,0,11,28,9,0,0
37,2011-11-28 09:15:00,0,11,28,9,15,0
38,2011-11-28 09:30:00,0,11,28,9,30,0
39,2011-11-28 09:45:00,0,11,28,9,45,0
40,2011-11-28 10:00:00,0,11,28,10,0,0
41,2011-11-28 10:15:00,0,11,28,10,15,0
42,2011-11-28 10:30:00,0,11,28,10,30,0
43,2011-11-28 10:45:00,1,11,28,10,45,0
44,2011-11-28 11:00:00,1,11,28,11,0,0
45,2011-11-28 11:15:00,1,11,28,11,15,0
46,2011-11-28 11:30:00,1,11,28,11,30,0
47,2011-11-28 11:45:00,1,11,28,11,45,0
48,2011-11-28 12:00:00,1,11,28,12,0,0
49,2011-11-28 12:15:00,1,11,28,12,15,0
50,2011-11-28 12:30:00,1,11,28,12,30,0
51,2011-11-28 12:45:00,1,11,28,12,45,0
52,2011-11-28 13:00:00,1,11,28,13,0,0
53,2011-11-28 13:15:00,0,11,28,13,15,0
54,2011-11-28 13:30:00,1,11,28,13,30,0
55,2011-11-28 13:45:00,1,11,28,13,45,0
56,2011-11-28 14:00:00,1,11,28,14,0,0
57,2011-11-28 14:15:00,1,11,28,14,15,0
58,2011-11-28 14:30:00,0,11,28,14,30,0
59,2011-11-28 14:45:00,0,11,28,14,45,0
60,2011-11-28 15:00:00,1,11,28,15,0,0
61,2011-11-28 15:15:00,1,11,28,15,15,0
62,2011-11-28 15:30:00,1,11,28,15,30,0
63,2011-11-28 15:45:00,1,11,28,15,45,0
64,2011-11-28 16:00:00,1,11,28,16,0,0
65,2011-11-28 16:15:00,1,11,28,16,15,0
66,2011-11-28 16:30:00,1,11,28,16,30,0
67,2011-11-28 16:45:00,1,11,28,16,45,0
68,2011-11-28 17:00:00,1,11,28,17,0,0
69,2011-11-28 17:15:00,1,11,28,17,15,0
70,2011-11-28 17:30:00,1,11,28,17,30,0
71,2011-11-28 17:45:00,1,11,28,17,45,0
72,2011-11-28 18:00:00,1,11,28,18,0,0
73,2011-11-28 18:15:00,1,11,28,18,15,0
74,2011-11-28 18:30:00,1,11,28,18,30,0
75,2011-11-28 18:45:00,1,11,28,18,45,0
76,2011-11-28 19:00:00,1,11,28,19,0,0
77,2011-11-28 19:15:00,1,11,28,19,15,0
78,2011-11-28 19:30:00,1,11,28,19,30,0
79,2011-11-28 19:45:00,1,11,28,19,45,0
80,2011-11-28 20:00:00,1,11,28,20,0,0
81,2011-11-28 20:15:00,1,11,28,20,15,0
82,2011-11-28 20:30:00,1,11,28,20,30,0
83,2011-11-28 20:45:00,1,11,28,20,45,0
84,2011-11-28 21:00:00,1,11,28,21,0,0
85,2011-11-28 21:15:00,1,11,28,21,15,0
86,2011-11-28 21:30:00,1,11,28,21,30,0
87,2011-11-28 21:45:00,1,11,28,21,45,0
88,2011-11-28 22:00:00,1,11,28,22,0,0
89,2011-11-28 22:15:00,1,11,28,22,15,0
90,2011-11-28 22:30:00,1,11,28,22,30,0
91,2011-11-28 22:45:00,1,11,28,22,45,0
92,2011-11-28 23:00:00,1,11,28,23,0,0
93,2011-11-28 23:15:00,1,11,28,23,15,0
94,2011-11-28 23:30:00,1,11,28,23,30,0
95,2011-11-28 23:45:00,1,11,28,23,45,0
96,2011-11-29 00:00:00,1,11,29,0,0,1
97,2011-11-29 00:15:00,1,11,29,0,15,1
98,2011-11-29 00:30:00,1,11,29,0,30,1
99,2011-11-29 00:45:00,1,11,29,0,45,1
100,2011-11-29 01:00:00,1,11,29,1,0,1
101,2011-11-29 01:15:00,1,11,29,1,15,1
102,2011-11-29 01:30:00,1,11,29,1,30,1
103,2011-11-29 01:45:00,1,11,29,1,45,1
104,2011-11-29 02:00:00,1,11,29,2,0,1
105,2011-11-29 02:15:00,0,11,29,2,15,1
106,2011-11-29 02:30:00,0,11,29,2,30,1
107,2011-11-29 02:45:00,0,11,29,2,45,1
108,2011-11-29 03:00:00,0,11,29,3,0,1
109,2011-11-29 03:15:00,0,11,29,3,15,1
110,2011-11-29 03:30:00,0,11,29,3,30,1
111,2011-11-29 03:45:00,0,11,29,3,45,1
112,2011-11-29 04:00:00,0,11,29,4,0,1
113,2011-11-29 04:15:00,0,11,29,4,15,1
114,2011-11-29 04:30:00,0,11,29,4,30,1
115,2011-11-29 04:45:00,0,11,29,4,45,1
116,2011-11-29 05:00:00,0,11,29,5,0,1
117,2011-11-29 05:15:00,0,11,29,5,15,1
118,2011-11-29 05:30:00,0,11,29,5,30,1
119,2011-11-29 05:45:00,0,11,29,5,45,1
120,2011-11-29 06:00:00,0,11,29,6,0,1
121,2011-11-29 06:15:00,0,11,29,6,15,1
122,2011-11-29 06:30:00,0,11,29,6,30,1
123,2011-11-29 06:45:00,0,11,29,6,45,1
124,2011-11-29 07:00:00,0,11,29,7,0,1
125,2011-11-29 07:15:00,0,11,29,7,15,1
126,2011-11-29 07:30:00,0,11,29,7,30,1
127,2011-11-29 07:45:00,0,11,29,7,45,1
128,2011-11-29 08:00:00,0,11,29,8,0,1
129,2011-11-29 08:15:00,0,11,29,8,15,1
130,2011-11-29 08:30:00,0,11,29,8,30,1
131,2011-11-29 08:45:00,0,11,29,8,45,1
132,2011-11-29 09:00:00,0,11,29,9,0,1
133,2011-11-29 09:15:00,0,11,29,9,15,1
134,2011-11-29 09:30:00,0,11,29,9,30,1
135,2011-11-29 09:45:00,0,11,29,9,45,1
136,2011-11-29 10:00:00,0,11,29,10,0,1
137,2011-11-29 10:15:00,0,11,29,10,15,1
138,2011-11-29 10:30:00,0,11,29,10,30,1
139,2011-11-29 10:45:00,0,11,29,10,45,1
140,2011-11-29 11:00:00,0,11,29,11,0,1
141,2011-11-29 11:15:00,0,11,29,11,15,1
142,2011-11-29 11:30:00,0,11,29,11,30,1
143,2011-11-29 11:45:00,0,11,29,11,45,1
144,2011-11-29 12:00:00,0,11,29,12,0,1
145,2011-11-29 12:15:00,1,11,29,12,15,1
146,2011-11-29 12:30:00,0,11,29,12,30,1
147,2011-11-29 12:45:00,0,11,29,12,45,1
148,2011-11-29 13:00:00,0,11,29,13,0,1
149,2011-11-29 13:15:00,1,11,29,13,15,1
150,2011-11-29 13:30:00,1,11,29,13,30,1
151,2011-11-29 13:45:00,1,11,29,13,45,1
152,2011-11-29 14:00:00,1,11,29,14,0,1
153,2011-11-29 14:15:00,1,11,29,14,15,1
154,2011-11-29 14:30:00,1,11,29,14,30,1
155,2011-11-29 14:45:00,1,11,29,14,45,1
156,2011-11-29 15:00:00,1,11,29,15,0,1
157,2011-11-29 15:15:00,0,11,29,15,15,1
158,2011-11-29 15:30:00,0,11,29,15,30,1
159,2011-11-29 15:45:00,1,11,29,15,45,1
160,2011-11-29 16:00:00,1,11,29,16,0,1
161,2011-11-29 16:15:00,1,11,29,16,15,1
162,2011-11-29 16:30:00,1,11,29,16,30,1
163,2011-11-29 16:45:00,1,11,29,16,45,1
164,2011-11-29 17:00:00,1,11,29,17,0,1
165,2011-11-29 17:15:00,0,11,29,17,15,1
166,2011-11-29 17:30:00,1,11,29,17,30,1
167,2011-11-29 17:45:00,1,11,29,17,45,1
168,2011-11-29 18:00:00,1,11,29,18,0,1
169,2011-11-29 18:15:00,1,11,29,18,15,1
170,2011-11-29 18:30:00,1,11,29,18,30,1
171,2011-11-29 18:45:00,1,11,29,18,45,1
172,2011-11-29 19:00:00,0,11,29,19,0,1
173,2011-11-29 19:15:00,0,11,29,19,15,1
174,2011-11-29 19:30:00,0,11,29,19,30,1
175,2011-11-29 19:45:00,0,11,29,19,45,1
176,2011-11-29 20:00:00,0,11,29,20,0,1
177,2011-11-29 20:15:00,1,11,29,20,15,1
178,2011-11-29 20:30:00,1,11,29,20,30,1
179,2011-11-29 20:45:00,1,11,29,20,45,1
180,2011-11-29 21:00:00,1,11,29,21,0,1
181,2011-11-29 21:15:00,1,11,29,21,15,1
182,2011-11-29 21:30:00,1,11,29,21,30,1
183,2011-11-29 21:45:00,1,11,29,21,45,1
184,2011-11-29 22:00:00,1,11,29,22,0,1
185,2011-11-29 22:15:00,1,11,29,22,15,1
186,2011-11-29 22:30:00,1,11,29,22,30,1
187,2011-11-29 22:45:00,1,11,29,22,45,1
188,2011-11-29 23:00:00,1,11,29,23,0,1
189,2011-11-29 23:15:00,1,11,29,23,15,1
190,2011-11-29 23:30:00,1,11,29,23,30,1
191,2011-11-29 23:45:00,1,11,29,23,45,1
192,2011-11-30 00:00:00,1,11,30,0,0,2
193,2011-11-30 00:15:00,1,11,30,0,15,2
194,2011-11-30 00:30:00,1,11,30,0,30,2
195,2011-11-30 00:45:00,1,11,30,0,45,2
196,2011-11-30 01:00:00,1,11,30,1,0,2
197,2011-11-30 01:15:00,1,11,30,1,15,2
198,2011-11-30 01:30:00,0,11,30,1,30,2
199,2011-11-30 01:45:00,0,11,30,1,45,2
200,2011-11-30 02:00:00,0,11,30,2,0,2
201,2011-11-30 02:15:00,0,11,30,2,15,2
202,2011-11-30 02:30:00,0,11,30,2,30,2
203,2011-11-30 02:45:00,0,11,30,2,45,2
204,2011-11-30 03:00:00,0,11,30,3,0,2
205,2011-11-30 03:15:00,0,11,30,3,15,2
206,2011-11-30 03:30:00,0,11,30,3,30,2
207,2011-11-30 03:45:00,0,11,30,3,45,2
208,2011-11-30 04:00:00,0,11,30,4,0,2
209,2011-11-30 04:15:00,0,11,30,4,15,2
210,2011-11-30 04:30:00,0,11,30,4,30,2
211,2011-11-30 04:45:00,0,11,30,4,45,2
212,2011-11-30 05:00:00,0,11,30,5,0,2
213,2011-11-30 05:15:00,0,11,30,5,15,2
214,2011-11-30 05:30:00,0,11,30,5,30,2
215,2011-11-30 05:45:00,0,11,30,5,45,2
216,2011-11-30 06:00:00,0,11,30,6,0,2
217,2011-11-30 06:15:00,0,11,30,6,15,2
218,2011-11-30 06:30:00,0,11,30,6,30,2
219,2011-11-30 06:45:00,0,11,30,6,45,2
220,2011-11-30 07:00:00,0,11,30,7,0,2
221,2011-11-30 07:15:00,0,11,30,7,15,2
222,2011-11-30 07:30:00,0,11,30,7,30,2
223,2011-11-30 07:45:00,0,11,30,7,45,2
224,2011-11-30 08:00:00,0,11,30,8,0,2
225,2011-11-30 08:15:00,0,11,30,8,15,2
226,2011-11-30 08:30:00,0,11,30,8,30,2
227,2011-11-30 08:45:00,0,11,30,8,45,2
228,2011-11-30 09:00:00,0,11,30,9,0,2
229,2011-11-30 09:15:00,0,11,30,9,15,2
230,2011-11-30 09:30:00,0,11,30,9,30,2
231,2011-11-30 09:45:00,0,11,30,9,45,2
232,2011-11-30 10:00:00,0,11,30,10,0,2
233,2011-11-30 10:15:00,0,11,30,10,15,2
234,2011-11-30 10:30:00,1,11,30,10,30,2
235,2011-11-30 10:45:00,1,11,30,10,45,2
236,2011-11-30 11:00:00,1,11,30,11,0,2
237,2011-11-30 11:15:00,1,11,30,11,15,2
238,2011-11-30 11:30:00,1,11,30,11,30,2
239,2011-11-30 11:45:00,1,11,30,11,45,2
240,2011-11-30 12:00:00,1,11,30,12,0,2
241,2011-11-30 12:15:00,1,11,30,12,15,2
242,2011-11-30 12:30:00,1,11,30,12,30,2
243,2011-11-30 12:45:00,1,11,30,12,45,2
244,2011-11-30 13:00:00,1,11,30,13,0,2
245,2011-11-30 13:15:00,1,11,30,13,15,2
246,2011-11-30 13:30:00,1,11,30,13,30,2
247,2011-11-30 13:45:00,1,11,30,13,45,2
248,2011-11-30 14:00:00,1,11,30,14,0,2
249,2011-11-30 14:15:00,1,11,30,14,15,2
250,2011-11-30 14:30:00,1,11,30,14,30,2
251,2011-11-30 14:45:00,0,11,30,14,45,2
252,2011-11-30 15:00:00,1,11,30,15,0,2
253,2011-11-30 15:15:00,1,11,30,15,15,2
254,2011-11-30 15:30:00,1,11,30,15,30,2
255,2011-11-30 15:45:00,1,11,30,15,45,2
256,2011-11-30 16:00:00,1,11,30,16,0,2
257,2011-11-30 16:15:00,1,11,30,16,15,2
258,2011-11-30 16:30:00,1,11,30,16,30,2
259,2011-11-30 16:45:00,1,11,30,16,45,2
260,2011-11-30 17:00:00,1,11,30,17,0,2
261,2011-11-30 17:15:00,1,11,30,17,15,2
262,2011-11-30 17:30:00,1,11,30,17,30,2
263,2011-11-30 17:45:00,1,11,30,17,45,2
264,2011-11-30 18:00:00,1,11,30,18,0,2
265,2011-11-30 18:15:00,1,11,30,18,15,2
266,2011-11-30 18:30:00,1,11,30,18,30,2
267,2011-11-30 18:45:00,1,11,30,18,45,2
268,2011-11-30 19:00:00,1,11,30,19,0,2
269,2011-11-30 19:15:00,1,11,30,19,15,2
270,2011-11-30 19:30:00,1,11,30,19,30,2
271,2011-11-30 19:45:00,0,11,30,19,45,2
272,2011-11-30 20:00:00,1,11,30,20,0,2
273,2011-11-30 20:15:00,1,11,30,20,15,2
274,2011-11-30 20:30:00,1,11,30,20,30,2
275,2011-11-30 20:45:00,1,11,30,20,45,2
276,2011-11-30 21:00:00,1,11,30,21,0,2
277,2011-11-30 21:15:00,1,11,30,21,15,2
278,2011-11-30 21:30:00,1,11,30,21,30,2
279,2011-11-30 21:45:00,1,11,30,21,45,2
280,2011-11-30 22:00:00,1,11,30,22,0,2
281,2011-11-30 22:15:00,1,11,30,22,15,2
282,2011-11-30 22:30:00,1,11,30,22,30,2
283,2011-11-30 22:45:00,1,11,30,22,45,2
284,2011-11-30 23:00:00,1,11,30,23,0,2
285,2011-11-30 23:15:00,1,11,30,23,15,2
286,2011-11-30 23:30:00,1,11,30,23,30,2
287,2011-11-30 23:45:00,1,11,30,23,45,2
288,2011-12-01 00:00:00,1,12,1,0,0,3
289,2011-12-01 00:15:00,1,12,1,0,15,3
290,2011-12-01 00:30:00,1,12,1,0,30,3
291,2011-12-01 00:45:00,1,12,1,0,45,3
292,2011-12-01 01:00:00,1,12,1,1,0,3
293,2011-12-01 01:15:00,1,12,1,1,15,3
294,2011-12-01 01:30:00,1,12,1,1,30,3
295,2011-12-01 01:45:00,0,12,1,1,45,3
296,2011-12-01 02:00:00,0,12,1,2,0,3
297,2011-12-01 02:15:00,0,12,1,2,15,3
298,2011-12-01 02:30:00,0,12,1,2,30,3
299,2011-12-01 02:45:00,0,12,1,2,45,3
300,2011-12-01 03:00:00,0,12,1,3,0,3
301,2011-12-01 03:15:00,0,12,1,3,15,3
302,2011-12-01 03:30:00,0,12,1,3,30,3
303,2011-12-01 03:45:00,0,12,1,3,45,3
304,2011-12-01 04:00:00,0,12,1,4,0,3
305,2011-12-01 04:15:00,0,12,1,4,15,3
306,2011-12-01 04:30:00,0,12,1,4,30,3
307,2011-12-01 04:45:00,0,12,1,4,45,3
308,2011-12-01 05:00:00,0,12,1,5,0,3
309,2011-12-01 05:15:00,0,12,1,5,15,3
310,2011-12-01 05:30:00,0,12,1,5,30,3
311,2011-12-01 05:45:00,0,12,1,5,45,3
312,2011-12-01 06:00:00,0,12,1,6,0,3
313,2011-12-01 06:15:00,0,12,1,6,15,3
314,2011-12-01 06:30:00,0,12,1,6,30,3
315,2011-12-01 06:45:00,0,12,1,6,45,3
316,2011-12-01 07:00:00,0,12,1,7,0,3
317,2011-12-01 07:15:00,0,12,1,7,15,3
318,2011-12-01 07:30:00,0,12,1,7,30,3
319,2011-12-01 07:45:00,0,12,1,7,45,3
320,2011-12-01 08:00:00,0,12,1,8,0,3
321,2011-12-01 08:15:00,0,12,1,8,15,3
322,2011-12-01 08:30:00,0,12,1,8,30,3
323,2011-12-01 08:45:00,0,12,1,8,45,3
324,2011-12-01 09:00:00,0,12,1,9,0,3
325,2011-12-01 09:15:00,0,12,1,9,15,3
326,2011-12-01 09:30:00,0,12,1,9,30,3
327,2011-12-01 09:45:00,0,12,1,9,45,3
328,2011-12-01 10:00:00,0,12,1,10,0,3
329,2011-12-01 10:15:00,0,12,1,10,15,3
330,2011-12-01 10:30:00,0,12,1,10,30,3
331,2011-12-01 10:45:00,0,12,1,10,45,3
332,2011-12-01 11:00:00,0,12,1,11,0,3
333,2011-12-01 11:15:00,0,12,1,11,15,3
334,2011-12-01 11:30:00,1,12,1,11,30,3
335,2011-12-01 11:45:00,1,12,1,11,45,3
336,2011-12-01 12:00:00,1,12,1,12,0,3
337,2011-12-01 12:15:00,1,12,1,12,15,3
338,2011-12-01 12:30:00,1,12,1,12,30,3
339,2011-12-01 12:45:00,1,12,1,12,45,3
340,2011-12-01 13:00:00,1,12,1,13,0,3
341,2011-12-01 13:15:00,1,12,1,13,15,3
342,2011-12-01 13:30:00,1,12,1,13,30,3
343,2011-12-01 13:45:00,1,12,1,13,45,3
344,2011-12-01 14:00:00,1,12,1,14,0,3
345,2011-12-01 14:15:00,1,12,1,14,15,3
346,2011-12-01 14:30:00,0,12,1,14,30,3
347,2011-12-01 14:45:00,0,12,1,14,45,3
348,2011-12-01 15:00:00,1,12,1,15,0,3
349,2011-12-01 15:15:00,1,12,1,15,15,3
350,2011-12-01 15:30:00,1,12,1,15,30,3
351,2011-12-01 15:45:00,1,12,1,15,45,3
352,2011-12-01 16:00:00,1,12,1,16,0,3
353,2011-12-01 16:15:00,1,12,1,16,15,3
354,2011-12-01 16:30:00,1,12,1,16,30,3
355,2011-12-01 16:45:00,1,12,1,16,45,3
356,2011-12-01 17:00:00,0,12,1,17,0,3
357,2011-12-01 17:15:00,0,12,1,17,15,3
358,2011-12-01 17:30:00,0,12,1,17,30,3
359,2011-12-01 17:45:00,0,12,1,17,45,3
360,2011-12-01 18:00:00,0,12,1,18,0,3
361,2011-12-01 18:15:00,0,12,1,18,15,3
362,2011-12-01 18:30:00,0,12,1,18,30,3
363,2011-12-01 18:45:00,1,12,1,18,45,3
364,2011-12-01 19:00:00,1,12,1,19,0,3
365,2011-12-01 19:15:00,0,12,1,19,15,3
366,2011-12-01 19:30:00,1,12,1,19,30,3
367,2011-12-01 19:45:00,1,12,1,19,45,3
368,2011-12-01 20:00:00,1,12,1,20,0,3
369,2011-12-01 20:15:00,1,12,1,20,15,3
370,2011-12-01 20:30:00,1,12,1,20,30,3
371,2011-12-01 20:45:00,1,12,1,20,45,3
372,2011-12-01 21:00:00,1,12,1,21,0,3
373,2011-12-01 21:15:00,1,12,1,21,15,3
374,2011-12-01 21:30:00,1,12,1,21,30,3
375,2011-12-01 21:45:00,1,12,1,21,45,3
376,2011-12-01 22:00:00,1,12,1,22,0,3
377,2011-12-01 22:15:00,1,12,1,22,15,3
378,2011-12-01 22:30:00,1,12,1,22,30,3
379,2011-12-01 22:45:00,1,12,1,22,45,3
380,2011-12-01 23:00:00,1,12,1,23,0,3
381,2011-12-01 23:15:00,1,12,1,23,15,3
382,2011-12-01 23:30:00,1,12,1,23,30,3
383,2011-12-01 23:45:00,1,12,1,23,45,3
384,2011-12-02 00:00:00,1,12,2,0,0,4
385,2011-12-02 00:15:00,1,12,2,0,15,4
386,2011-12-02 00:30:00,1,12,2,0,30,4
387,2011-12-02 00:45:00,1,12,2,0,45,4
388,2011-12-02 01:00:00,1,12,2,1,0,4
389,2011-12-02 01:15:00,1,12,2,1,15,4
390,2011-12-02 01:30:00,1,12,2,1,30,4
391,2011-12-02 01:45:00,1,12,2,1,45,4
392,2011-12-02 02:00:00,1,12,2,2,0,4
393,2011-12-02 02:15:00,0,12,2,2,15,4
394,2011-12-02 02:30:00,0,12,2,2,30,4
395,2011-12-02 02:45:00,0,12,2,2,45,4
396,2011-12-02 03:00:00,0,12,2,3,0,4
397,2011-12-02 03:15:00,0,12,2,3,15,4
398,2011-12-02 03:30:00,0,12,2,3,30,4
399,2011-12-02 03:45:00,0,12,2,3,45,4
400,2011-12-02 04:00:00,0,12,2,4,0,4
401,2011-12-02 04:15:00,0,12,2,4,15,4
402,2011-12-02 04:30:00,0,12,2,4,30,4
403,2011-12-02 04:45:00,0,12,2,4,45,4
404,2011-12-02 05:00:00,0,12,2,5,0,4
405,2011-12-02 05:15:00,0,12,2,5,15,4
406,2011-12-02 05:30:00,0,12,2,5,30,4
407,2011-12-02 05:45:00,0,12,2,5,45,4
408,2011-12-02 06:00:00,0,12,2,6,0,4
409,2011-12-02 06:15:00,0,12,2,6,15,4
410,2011-12-02 06:30:00,0,12,2,6,30,4
411,2011-12-02 06:45:00,0,12,2,6,45,4
412,2011-12-02 07:00:00,0,12,2,7,0,4
413,2011-12-02 07:15:00,0,12,2,7,15,4
414,2011-12-02 07:30:00,0,12,2,7,30,4
415,2011-12-02 07:45:00,0,12,2,7,45,4
416,2011-12-02 08:00:00,0,12,2,8,0,4
417,2011-12-02 08:15:00,0,12,2,8,15,4
418,2011-12-02 08:30:00,0,12,2,8,30,4
419,2011-12-02 08:45:00,0,12,2,8,45,4
420,2011-12-02 09:00:00,0,12,2,9,0,4
421,2011-12-02 09:15:00,0,12,2,9,15,4
422,2011-12-02 09:30:00,0,12,2,9,30,4
423,2011-12-02 09:45:00,0,12,2,9,45,4
424,2011-12-02 10:00:00,0,12,2,10,0,4
425,2011-12-02 10:15:00,0,12,2,10,15,4
426,2011-12-02 10:30:00,0,12,2,10,30,4
427,2011-12-02 10:45:00,0,12,2,10,45,4
428,2011-12-02 11:00:00,0,12,2,11,0,4
429,2011-12-02 11:15:00,0,12,2,11,15,4
430,2011-12-02 11:30:00,0,12,2,11,30,4
431,2011-12-02 11:45:00,0,12,2,11,45,4
432,2011-12-02 12:00:00,0,12,2,12,0,4
433,2011-12-02 12:15:00,0,12,2,12,15,4
434,2011-12-02 12:30:00,1,12,2,12,30,4
435,2011-12-02 12:45:00,1,12,2,12,45,4
436,2011-12-02 13:00:00,1,12,2,13,0,4
437,2011-12-02 13:15:00,1,12,2,13,15,4
438,2011-12-02 13:30:00,1,12,2,13,30,4
439,2011-12-02 13:45:00,1,12,2,13,45,4
440,2011-12-02 14:00:00,1,12,2,14,0,4
441,2011-12-02 14:15:00,1,12,2,14,15,4
442,2011-12-02 14:30:00,1,12,2,14,30,4
443,2011-12-02 14:45:00,1,12,2,14,45,4
444,2011-12-02 15:00:00,0,12,2,15,0,4
445,2011-12-02 15:15:00,1,12,2,15,15,4
446,2011-12-02 15:30:00,1,12,2,15,30,4
447,2011-12-02 15:45:00,1,12,2,15,45,4
448,2011-12-02 16:00:00,1,12,2,16,0,4
449,2011-12-02 16:15:00,1,12,2,16,15,4
450,2011-12-02 16:30:00,1,12,2,16,30,4
451,2011-12-02 16:45:00,1,12,2,16,45,4
452,2011-12-02 17:00:00,1,12,2,17,0,4
453,2011-12-02 17:15:00,1,12,2,17,15,4
454,2011-12-02 17:30:00,1,12,2,17,30,4
455,2011-12-02 17:45:00,1,12,2,17,45,4
456,2011-12-02 18:00:00,1,12,2,18,0,4
457,2011-12-02 18:15:00,1,12,2,18,15,4
458,2011-12-02 18:30:00,1,12,2,18,30,4
459,2011-12-02 18:45:00,1,12,2,18,45,4
460,2011-12-02 19:00:00,1,12,2,19,0,4
461,2011-12-02 19:15:00,1,12,2,19,15,4
462,2011-12-02 19:30:00,1,12,2,19,30,4
463,2011-12-02 19:45:00,1,12,2,19,45,4
464,2011-12-02 20:00:00,1,12,2,20,0,4
465,2011-12-02 20:15:00,1,12,2,20,15,4
466,2011-12-02 20:30:00,1,12,2,20,30,4
467,2011-12-02 20:45:00,1,12,2,20,45,4
468,2011-12-02 21:00:00,1,12,2,21,0,4
469,2011-12-02 21:15:00,1,12,2,21,15,4
470,2011-12-02 21:30:00,0,12,2,21,30,4
471,2011-12-02 21:45:00,1,12,2,21,45,4
472,2011-12-02 22:00:00,1,12,2,22,0,4
473,2011-12-02 22:15:00,1,12,2,22,15,4
474,2011-12-02 22:30:00,1,12,2,22,30,4
475,2011-12-02 22:45:00,1,12,2,22,45,4
476,2011-12-02 23:00:00,1,12,2,23,0,4
477,2011-12-02 23:15:00,1,12,2,23,15,4
478,2011-12-02 23:30:00,1,12,2,23,30,4
479,2011-12-02 23:45:00,1,12,2,23,45,4
480,2011-12-03 00:00:00,1,12,3,0,0,5
481,2011-12-03 00:15:00,1,12,3,0,15,5
482,2011-12-03 00:30:00,1,12,3,0,30,5
483,2011-12-03 00:45:00,1,12,3,0,45,5
484,2011-12-03 01:00:00,1,12,3,1,0,5
485,2011-12-03 01:15:00,1,12,3,1,15,5
486,2011-12-03 01:30:00,1,12,3,1,30,5
487,2011-12-03 01:45:00,0,12,3,1,45,5
488,2011-12-03 02:00:00,0,12,3,2,0,5
489,2011-12-03 02:15:00,0,12,3,2,15,5
490,2011-12-03 02:30:00,0,12,3,2,30,5
491,2011-12-03 02:45:00,0,12,3,2,45,5
492,2011-12-03 03:00:00,0,12,3,3,0,5
493,2011-12-03 03:15:00,0,12,3,3,15,5
494,2011-12-03 03:30:00,0,12,3,3,30,5
495,2011-12-03 03:45:00,0,12,3,3,45,5
496,2011-12-03 04:00:00,0,12,3,4,0,5
497,2011-12-03 04:15:00,0,12,3,4,15,5
498,2011-12-03 04:30:00,0,12,3,4,30,5
499,2011-12-03 04:45:00,0,12,3,4,45,5
500,2011-12-03 05:00:00,0,12,3,5,0,5
501,2011-12-03 05:15:00,0,12,3,5,15,5
502,2011-12-03 05:30:00,0,12,3,5,30,5
503,2011-12-03 05:45:00,0,12,3,5,45,5
504,2011-12-03 06:00:00,0,12,3,6,0,5
505,2011-12-03 06:15:00,0,12,3,6,15,5
506,2011-12-03 06:30:00,0,12,3,6,30,5
507,2011-12-03 06:45:00,0,12,3,6,45,5
508,2011-12-03 07:00:00,0,12,3,7,0,5
509,2011-12-03 07:15:00,0,12,3,7,15,5
510,2011-12-03 07:30:00,0,12,3,7,30,5
511,2011-12-03 07:45:00,0,12,3,7,45,5
512,2011-12-03 08:00:00,0,12,3,8,0,5
513,2011-12-03 08:15:00,0,12,3,8,15,5
514,2011-12-03 08:30:00,0,12,3,8,30,5
515,2011-12-03 08:45:00,0,12,3,8,45,5
516,2011-12-03 09:00:00,0,12,3,9,0,5
517,2011-12-03 09:15:00,0,12,3,9,15,5
518,2011-12-03 09:30:00,0,12,3,9,30,5
519,2011-12-03 09:45:00,0,12,3,9,45,5
520,2011-12-03 10:00:00,0,12,3,10,0,5
521,2011-12-03 10:15:00,0,12,3,10,15,5
522,2011-12-03 10:30:00,0,12,3,10,30,5
523,2011-12-03 10:45:00,0,12,3,10,45,5
524,2011-12-03 11:00:00,0,12,3,11,0,5
525,2011-12-03 11:15:00,0,12,3,11,15,5
526,2011-12-03 11:30:00,0,12,3,11,30,5
527,2011-12-03 11:45:00,0,12,3,11,45,5
528,2011-12-03 12:00:00,0,12,3,12,0,5
529,2011-12-03 12:15:00,1,12,3,12,15,5
530,2011-12-03 12:30:00,1,12,3,12,30,5
531,2011-12-03 12:45:00,1,12,3,12,45,5
532,2011-12-03 13:00:00,1,12,3,13,0,5
533,2011-12-03 13:15:00,1,12,3,13,15,5
534,2011-12-03 13:30:00,1,12,3,13,30,5
535,2011-12-03 13:45:00,1,12,3,13,45,5
536,2011-12-03 14:00:00,1,12,3,14,0,5
537,2011-12-03 14:15:00,0,12,3,14,15,5
538,2011-12-03 14:30:00,0,12,3,14,30,5
539,2011-12-03 14:45:00,0,12,3,14,45,5
540,2011-12-03 15:00:00,0,12,3,15,0,5
541,2011-12-03 15:15:00,0,12,3,15,15,5
542,2011-12-03 15:30:00,0,12,3,15,30,5
543,2011-12-03 15:45:00,0,12,3,15,45,5
544,2011-12-03 16:00:00,0,12,3,16,0,5
545,2011-12-03 16:15:00,0,12,3,16,15,5
546,2011-12-03 16:30:00,0,12,3,16,30,5
547,2011-12-03 16:45:00,0,12,3,16,45,5
548,2011-12-03 17:00:00,0,12,3,17,0,5
549,2011-12-03 17:15:00,0,12,3,17,15,5
550,2011-12-03 17:30:00,0,12,3,17,30,5
551,2011-12-03 17:45:00,1,12,3,17,45,5
552,2011-12-03 18:00:00,1,12,3,18,0,5
553,2011-12-03 18:15:00,1,12,3,18,15,5
554,2011-12-03 18:30:00,1,12,3,18,30,5
555,2011-12-03 18:45:00,1,12,3,18,45,5
556,2011-12-03 19:00:00,1,12,3,19,0,5
557,2011-12-03 19:15:00,1,12,3,19,15,5
558,2011-12-03 19:30:00,1,12,3,19,30,5
559,2011-12-03 19:45:00,1,12,3,19,45,5
560,2011-12-03 20:00:00,1,12,3,20,0,5
561,2011-12-03 20:15:00,1,12,3,20,15,5
562,2011-12-03 20:30:00,1,12,3,20,30,5
563,2011-12-03 20:45:00,1,12,3,20,45,5
564,2011-12-03 21:00:00,1,12,3,21,0,5
565,2011-12-03 21:15:00,1,12,3,21,15,5
566,2011-12-03 21:30:00,1,12,3,21,30,5
567,2011-12-03 21:45:00,1,12,3,21,45,5
568,2011-12-03 22:00:00,1,12,3,22,0,5
569,2011-12-03 22:15:00,1,12,3,22,15,5
570,2011-12-03 22:30:00,1,12,3,22,30,5
571,2011-12-03 22:45:00,1,12,3,22,45,5
572,2011-12-03 23:00:00,1,12,3,23,0,5
573,2011-12-03 23:15:00,1,12,3,23,15,5
574,2011-12-03 23:30:00,1,12,3,23,30,5
575,2011-12-03 23:45:00,1,12,3,23,45,5
576,2011-12-04 00:00:00,1,12,4,0,0,6
577,2011-12-04 00:15:00,1,12,4,0,15,6
578,2011-12-04 00:30:00,1,12,4,0,30,6
579,2011-12-04 00:45:00,1,12,4,0,45,6
580,2011-12-04 01:00:00,1,12,4,1,0,6
581,2011-12-04 01:15:00,1,12,4,1,15,6
582,2011-12-04 01:30:00,1,12,4,1,30,6
583,2011-12-04 01:45:00,1,12,4,1,45,6
584,2011-12-04 02:00:00,1,12,4,2,0,6
585,2011-12-04 02:15:00,1,12,4,2,15,6
586,2011-12-04 02:30:00,1,12,4,2,30,6
587,2011-12-04 02:45:00,1,12,4,2,45,6
588,2011-12-04 03:00:00,1,12,4,3,0,6
589,2011-12-04 03:15:00,1,12,4,3,15,6
590,2011-12-04 03:30:00,0,12,4,3,30,6
591,2011-12-04 03:45:00,0,12,4,3,45,6
592,2011-12-04 04:00:00,0,12,4,4,0,6
593,2011-12-04 04:15:00,0,12,4,4,15,6
594,2011-12-04 04:30:00,0,12,4,4,30,6
595,2011-12-04 04:45:00,0,12,4,4,45,6
596,2011-12-04 05:00:00,0,12,4,5,0,6
597,2011-12-04 05:15:00,0,12,4,5,15,6
598,2011-12-04 05:30:00,0,12,4,5,30,6
599,2011-12-04 05:45:00,0,12,4,5,45,6
600,2011-12-04 06:00:00,0,12,4,6,0,6
601,2011-12-04 06:15:00,0,12,4,6,15,6
602,2011-12-04 06:30:00,0,12,4,6,30,6
603,2011-12-04 06:45:00,0,12,4,6,45,6
604,2011-12-04 07:00:00,0,12,4,7,0,6
605,2011-12-04 07:15:00,0,12,4,7,15,6
606,2011-12-04 07:30:00,0,12,4,7,30,6
607,2011-12-04 07:45:00,0,12,4,7,45,6
608,2011-12-04 08:00:00,0,12,4,8,0,6
609,2011-12-04 08:15:00,0,12,4,8,15,6
610,2011-12-04 08:30:00,0,12,4,8,30,6
611,2011-12-04 08:45:00,0,12,4,8,45,6
612,2011-12-04 09:00:00,0,12,4,9,0,6
613,2011-12-04 09:15:00,0,12,4,9,15,6
614,2011-12-04 09:30:00,0,12,4,9,30,6
615,2011-12-04 09:45:00,0,12,4,9,45,6
616,2011-12-04 10:00:00,0,12,4,10,0,6
617,2011-12-04 10:15:00,0,12,4,10,15,6
618,2011-12-04 10:30:00,0,12,4,10,30,6
619,2011-12-04 10:45:00,0,12,4,10,45,6
620,2011-12-04 11:00:00,0,12,4,11,0,6
621,2011-12-04 11:15:00,0,12,4,11,15,6
622,2011-12-04 11:30:00,0,12,4,11,30,6
623,2011-12-04 11:45:00,0,12,4,11,45,6
624,2011-12-04 12:00:00,0,12,4,12,0,6
625,2011-12-04 12:15:00,0,12,4,12,15,6
626,2011-12-04 12:30:00,0,12,4,12,30,6
627,2011-12-04 12:45:00,0,12,4,12,45,6
628,2011-12-04 13:00:00,1,12,4,13,0,6
629,2011-12-04 13:15:00,1,12,4,13,15,6
630,2011-12-04 13:30:00,1,12,4,13,30,6
631,2011-12-04 13:45:00,1,12,4,13,45,6
632,2011-12-04 14:00:00,0,12,4,14,0,6
633,2011-12-04 14:15:00,0,12,4,14,15,6
634,2011-12-04 14:30:00,0,12,4,14,30,6
635,2011-12-04 14:45:00,0,12,4,14,45,6
636,2011-12-04 15:00:00,0,12,4,15,0,6
637,2011-12-04 15:15:00,0,12,4,15,15,6
638,2011-12-04 15:30:00,0,12,4,15,30,6
639,2011-12-04 15:45:00,0,12,4,15,45,6
640,2011-12-04 16:00:00,0,12,4,16,0,6
641,2011-12-04 16:15:00,0,12,4,16,15,6
642,2011-12-04 16:30:00,1,12,4,16,30,6
643,2011-12-04 16:45:00,1,12,4,16,45,6
644,2011-12-04 17:00:00,1,12,4,17,0,6
645,2011-12-04 17:15:00,1,12,4,17,15,6
646,2011-12-04 17:30:00,1,12,4,17,30,6
647,2011-12-04 17:45:00,0,12,4,17,45,6
648,2011-12-04 18:00:00,1,12,4,18,0,6
649,2011-12-04 18:15:00,1,12,4,18,15,6
650,2011-12-04 18:30:00,1,12,4,18,30,6
651,2011-12-04 18:45:00,1,12,4,18,45,6
652,2011-12-04 19:00:00,1,12,4,19,0,6
653,2011-12-04 19:15:00,1,12,4,19,15,6
654,2011-12-04 19:30:00,1,12,4,19,30,6
655,2011-12-04 19:45:00,1,12,4,19,45,6
656,2011-12-04 20:00:00,1,12,4,20,0,6
657,2011-12-04 20:15:00,1,12,4,20,15,6
658,2011-12-04 20:30:00,1,12,4,20,30,6
659,2011-12-04 20:45:00,1,12,4,20,45,6
660,2011-12-04 21:00:00,1,12,4,21,0,6
661,2011-12-04 21:15:00,1,12,4,21,15,6
662,2011-12-04 21:30:00,1,12,4,21,30,6
663,2011-12-04 21:45:00,1,12,4,21,45,6
664,2011-12-04 22:00:00,1,12,4,22,0,6
665,2011-12-04 22:15:00,1,12,4,22,15,6
666,2011-12-04 22:30:00,1,12,4,22,30,6
667,2011-12-04 22:45:00,1,12,4,22,45,6
668,2011-12-04 23:00:00,1,12,4,23,0,6
669,2011-12-04 23:15:00,1,12,4,23,15,6
670,2011-12-04 23:30:00,1,12,4,23,30,6
671,2011-12-04 23:45:00,1,12,4,23,45,6
672,2011-12-05 00:00:00,1,12,5,0,0,0
673,2011-12-05 00:15:00,1,12,5,0,15,0
674,2011-12-05 00:30:00,1,12,5,0,30,0
675,2011-12-05 00:45:00,1,12,5,0,45,0
676,2011-12-05 01:00:00,1,12,5,1,0,0
677,2011-12-05 01:15:00,1,12,5,1,15,0
678,2011-12-05 01:30:00,0,12,5,1,30,0
679,2011-12-05 01:45:00,0,12,5,1,45,0
680,2011-12-05 02:00:00,0,12,5,2,0,0
681,2011-12-05 02:15:00,0,12,5,2,15,0
682,2011-12-05 02:30:00,0,12,5,2,30,0
683,2011-12-05 02:45:00,0,12,5,2,45,0
684,2011-12-05 03:00:00,0,12,5,3,0,0
685,2011-12-05 03:15:00,0,12,5,3,15,0
686,2011-12-05 03:30:00,0,12,5,3,30,0
687,2011-12-05 03:45:00,0,12,5,3,45,0
688,2011-12-05 04:00:00,0,12,5,4,0,0
689,2011-12-05 04:15:00,0,12,5,4,15,0
690,2011-12-05 04:30:00,0,12,5,4,30,0
691,2011-12-05 04:45:00,0,12,5,4,45,0
692,2011-12-05 05:00:00,0,12,5,5,0,0
693,2011-12-05 05:15:00,0,12,5,5,15,0
694,2011-12-05 05:30:00,0,12,5,5,30,0
695,2011-12-05 05:45:00,0,12,5,5,45,0
696,2011-12-05 06:00:00,0,12,5,6,0,0
697,2011-12-05 06:15:00,0,12,5,6,15,0
698,2011-12-05 06:30:00,0,12,5,6,30,0
699,2011-12-05 06:45:00,0,12,5,6,45,0
700,2011-12-05 07:00:00,0,12,5,7,0,0
701,2011-12-05 07:15:00,0,12,5,7,15,0
702,2011-12-05 07:30:00,0,12,5,7,30,0
703,2011-12-05 07:45:00,0,12,5,7,45,0
704,2011-12-05 08:00:00,0,12,5,8,0,0
705,2011-12-05 08:15:00,0,12,5,8,15,0
706,2011-12-05 08:30:00,0,12,5,8,30,0
707,2011-12-05 08:45:00,0,12,5,8,45,0
708,2011-12-05 09:00:00,0,12,5,9,0,0
709,2011-12-05 09:15:00,0,12,5,9,15,0
710,2011-12-05 09:30:00,0,12,5,9,30,0
711,2011-12-05 09:45:00,0,12,5,9,45,0
712,2011-12-05 10:00:00,0,12,5,10,0,0
713,2011-12-05 10:15:00,0,12,5,10,15,0
714,2011-12-05 10:30:00,0,12,5,10,30,0
715,2011-12-05 10:45:00,0,12,5,10,45,0
716,2011-12-05 11:00:00,0,12,5,11,0,0
717,2011-12-05 11:15:00,0,12,5,11,15,0
718,2011-12-05 11:30:00,0,12,5,11,30,0
719,2011-12-05 11:45:00,0,12,5,11,45,0
720,2011-12-05 12:00:00,0,12,5,12,0,0
721,2011-12-05 12:15:00,0,12,5,12,15,0
722,2011-12-05 12:30:00,0,12,5,12,30,0
723,2011-12-05 12:45:00,0,12,5,12,45,0
724,2011-12-05 13:00:00,0,12,5,13,0,0
725,2011-12-05 13:15:00,0,12,5,13,15,0
726,2011-12-05 13:30:00,0,12,5,13,30,0
727,2011-12-05 13:45:00,1,12,5,13,45,0
728,2011-12-05 14:00:00,1,12,5,14,0,0
729,2011-12-05 14:15:00,1,12,5,14,15,0
730,2011-12-05 14:30:00,0,12,5,14,30,0
731,2011-12-05 14:45:00,0,12,5,14,45,0
732,2011-12-05 15:00:00,0,12,5,15,0,0
733,2011-12-05 15:15:00,0,12,5,15,15,0
734,2011-12-05 15:30:00,1,12,5,15,30,0
735,2011-12-05 15:45:00,1,12,5,15,45,0
736,2011-12-05 16:00:00,1,12,5,16,0,0
737,2011-12-05 16:15:00,0,12,5,16,15,0
738,2011-12-05 16:30:00,1,12,5,16,30,0
739,2011-12-05 16:45:00,1,12,5,16,45,0
740,2011-12-05 17:00:00,1,12,5,17,0,0
741,2011-12-05 17:15:00,0,12,5,17,15,0
742,2011-12-05 17:30:00,0,12,5,17,30,0
743,2011-12-05 17:45:00,0,12,5,17,45,0
744,2011-12-05 18:00:00,0,12,5,18,0,0
745,2011-12-05 18:15:00,0,12,5,18,15,0
746,2011-12-05 18:30:00,0,12,5,18,30,0
747,2011-12-05 18:45:00,0,12,5,18,45,0
748,2011-12-05 19:00:00,1,12,5,19,0,0
749,2011-12-05 19:15:00,1,12,5,19,15,0
750,2011-12-05 19:30:00,1,12,5,19,30,0
751,2011-12-05 19:45:00,1,12,5,19,45,0
752,2011-12-05 20:00:00,1,12,5,20,0,0
753,2011-12-05 20:15:00,1,12,5,20,15,0
754,2011-12-05 20:30:00,1,12,5,20,30,0
755,2011-12-05 20:45:00,1,12,5,20,45,0
756,2011-12-05 21:00:00,1,12,5,21,0,0
757,2011-12-05 21:15:00,1,12,5,21,15,0
758,2011-12-05 21:30:00,1,12,5,21,30,0
759,2011-12-05 21:45:00,1,12,5,21,45,0
760,2011-12-05 22:00:00,1,12,5,22,0,0
761,2011-12-05 22:15:00,1,12,5,22,15,0
762,2011-12-05 22:30:00,1,12,5,22,30,0
763,2011-12-05 22:45:00,1,12,5,22,45,0
764,2011-12-05 23:00:00,1,12,5,23,0,0
765,2011-12-05 23:15:00,1,12,5,23,15,0
766,2011-12-05 23:30:00,1,12,5,23,30,0
767,2011-12-05 23:45:00,1,12,5,23,45,0
768,2011-12-06 00:00:00,1,12,6,0,0,1
769,2011-12-06 00:15:00,1,12,6,0,15,1
770,2011-12-06 00:30:00,1,12,6,0,30,1
771,2011-12-06 00:45:00,0,12,6,0,45,1
772,2011-12-06 01:00:00,0,12,6,1,0,1
773,2011-12-06 01:15:00,0,12,6,1,15,1
774,2011-12-06 01:30:00,0,12,6,1,30,1
775,2011-12-06 01:45:00,0,12,6,1,45,1
776,2011-12-06 02:00:00,0,12,6,2,0,1
777,2011-12-06 02:15:00,0,12,6,2,15,1
778,2011-12-06 02:30:00,0,12,6,2,30,1
779,2011-12-06 02:45:00,0,12,6,2,45,1
780,2011-12-06 03:00:00,0,12,6,3,0,1
781,2011-12-06 03:15:00,0,12,6,3,15,1
782,2011-12-06 03:30:00,0,12,6,3,30,1
783,2011-12-06 03:45:00,0,12,6,3,45,1
784,2011-12-06 04:00:00,0,12,6,4,0,1
785,2011-12-06 04:15:00,0,12,6,4,15,1
786,2011-12-06 04:30:00,0,12,6,4,30,1
787,2011-12-06 04:45:00,0,12,6,4,45,1
788,2011-12-06 05:00:00,0,12,6,5,0,1
789,2011-12-06 05:15:00,0,12,6,5,15,1
790,2011-12-06 05:30:00,0,12,6,5,30,1
791,2011-12-06 05:45:00,0,12,6,5,45,1
792,2011-12-06 06:00:00,0,12,6,6,0,1
793,2011-12-06 06:15:00,0,12,6,6,15,1
794,2011-12-06 06:30:00,0,12,6,6,30,1
795,2011-12-06 06:45:00,0,12,6,6,45,1
796,2011-12-06 07:00:00,0,12,6,7,0,1
797,2011-12-06 07:15:00,0,12,6,7,15,1
798,2011-12-06 07:30:00,0,12,6,7,30,1
799,2011-12-06 07:45:00,0,12,6,7,45,1
800,2011-12-06 08:00:00,0,12,6,8,0,1
801,2011-12-06 08:15:00,0,12,6,8,15,1
802,2011-12-06 08:30:00,0,12,6,8,30,1
803,2011-12-06 08:45:00,0,12,6,8,45,1
804,2011-12-06 09:00:00,0,12,6,9,0,1
805,2011-12-06 09:15:00,0,12,6,9,15,1
806,2011-12-06 09:30:00,0,12,6,9,30,1
807,2011-12-06 09:45:00,0,12,6,9,45,1
808,2011-12-06 10:00:00,0,12,6,10,0,1
809,2011-12-06 10:15:00,0,12,6,10,15,1
810,2011-12-06 10:30:00,0,12,6,10,30,1
811,2011-12-06 10:45:00,0,12,6,10,45,1
812,2011-12-06 11:00:00,0,12,6,11,0,1
813,2011-12-06 11:15:00,0,12,6,11,15,1
814,2011-12-06 11:30:00,1,12,6,11,30,1
815,2011-12-06 11:45:00,1,12,6,11,45,1
816,2011-12-06 12:00:00,1,12,6,12,0,1
817,2011-12-06 12:15:00,1,12,6,12,15,1
818,2011-12-06 12:30:00,1,12,6,12,30,1
819,2011-12-06 12:45:00,1,12,6,12,45,1
820,2011-12-06 13:00:00,1,12,6,13,0,1
821,2011-12-06 13:15:00,1,12,6,13,15,1
822,2011-12-06 13:30:00,1,12,6,13,30,1
823,2011-12-06 13:45:00,1,12,6,13,45,1
824,2011-12-06 14:00:00,1,12,6,14,0,1
825,2011-12-06 14:15:00,1,12,6,14,15,1
826,2011-12-06 14:30:00,1,12,6,14,30,1
827,2011-12-06 14:45:00,0,12,6,14,45,1
828,2011-12-06 15:00:00,0,12,6,15,0,1
829,2011-12-06 15:15:00,1,12,6,15,15,1
830,2011-12-06 15:30:00,1,12,6,15,30,1
831,2011-12-06 15:45:00,1,12,6,15,45,1
832,2011-12-06 16:00:00,1,12,6,16,0,1
833,2011-12-06 16:15:00,1,12,6,16,15,1
834,2011-12-06 16:30:00,1,12,6,16,30,1
835,2011-12-06 16:45:00,1,12,6,16,45,1
836,2011-12-06 17:00:00,1,12,6,17,0,1
837,2011-12-06 17:15:00,1,12,6,17,15,1
838,2011-12-06 17:30:00,1,12,6,17,30,1
839,2011-12-06 17:45:00,1,12,6,17,45,1
840,2011-12-06 18:00:00,1,12,6,18,0,1
841,2011-12-06 18:15:00,1,12,6,18,15,1
842,2011-12-06 18:30:00,1,12,6,18,30,1
843,2011-12-06 18:45:00,1,12,6,18,45,1
844,2011-12-06 19:00:00,1,12,6,19,0,1
845,2011-12-06 19:15:00,1,12,6,19,15,1
846,2011-12-06 19:30:00,1,12,6,19,30,1
847,2011-12-06 19:45:00,1,12,6,19,45,1
848,2011-12-06 20:00:00,1,12,6,20,0,1
849,2011-12-06 20:15:00,1,12,6,20,15,1
850,2011-12-06 20:30:00,1,12,6,20,30,1
851,2011-12-06 20:45:00,1,12,6,20,45,1
852,2011-12-06 21:00:00,1,12,6,21,0,1
853,2011-12-06 21:15:00,1,12,6,21,15,1
854,2011-12-06 21:30:00,1,12,6,21,30,1
855,2011-12-06 21:45:00,1,12,6,21,45,1
856,2011-12-06 22:00:00,1,12,6,22,0,1
857,2011-12-06 22:15:00,1,12,6,22,15,1
858,2011-12-06 22:30:00,1,12,6,22,30,1
859,2011-12-06 22:45:00,1,12,6,22,45,1
860,2011-12-06 23:00:00,1,12,6,23,0,1
861,2011-12-06 23:15:00,1,12,6,23,15,1
862,2011-12-06 23:30:00,1,12,6,23,30,1
863,2011-12-06 23:45:00,1,12,6,23,45,1
864,2011-12-07 00:00:00,1,12,7,0,0,2
865,2011-12-07 00:15:00,1,12,7,0,15,2
866,2011-12-07 00:30:00,1,12,7,0,30,2
867,2011-12-07 00:45:00,1,12,7,0,45,2
868,2011-12-07 01:00:00,0,12,7,1,0,2
869,2011-12-07 01:15:00,0,12,7,1,15,2
870,2011-12-07 01:30:00,0,12,7,1,30,2
871,2011-12-07 01:45:00,0,12,7,1,45,2
872,2011-12-07 02:00:00,0,12,7,2,0,2
873,2011-12-07 02:15:00,0,12,7,2,15,2
874,2011-12-07 02:30:00,0,12,7,2,30,2
875,2011-12-07 02:45:00,0,12,7,2,45,2
876,2011-12-07 03:00:00,0,12,7,3,0,2
877,2011-12-07 03:15:00,0,12,7,3,15,2
878,2011-12-07 03:30:00,0,12,7,3,30,2
879,2011-12-07 03:45:00,0,12,7,3,45,2
880,2011-12-07 04:00:00,0,12,7,4,0,2
881,2011-12-07 04:15:00,0,12,7,4,15,2
882,2011-12-07 04:30:00,0,12,7,4,30,2
883,2011-12-07 04:45:00,0,12,7,4,45,2
884,2011-12-07 05:00:00,0,12,7,5,0,2
885,2011-12-07 05:15:00,0,12,7,5,15,2
886,2011-12-07 05:30:00,0,12,7,5,30,2
887,2011-12-07 05:45:00,0,12,7,5,45,2
888,2011-12-07 06:00:00,0,12,7,6,0,2
889,2011-12-07 06:15:00,0,12,7,6,15,2
890,2011-12-07 06:30:00,0,12,7,6,30,2
891,2011-12-07 06:45:00,0,12,7,6,45,2
892,2011-12-07 07:00:00,0,12,7,7,0,2
893,2011-12-07 07:15:00,0,12,7,7,15,2
894,2011-12-07 07:30:00,0,12,7,7,30,2
895,2011-12-07 07:45:00,0,12,7,7,45,2
896,2011-12-07 08:00:00,0,12,7,8,0,2
897,2011-12-07 08:15:00,0,12,7,8,15,2
898,2011-12-07 08:30:00,0,12,7,8,30,2
899,2011-12-07 08:45:00,0,12,7,8,45,2
900,2011-12-07 09:00:00,0,12,7,9,0,2
901,2011-12-07 09:15:00,0,12,7,9,15,2
902,2011-12-07 09:30:00,0,12,7,9,30,2
903,2011-12-07 09:45:00,0,12,7,9,45,2
904,2011-12-07 10:00:00,0,12,7,10,0,2
905,2011-12-07 10:15:00,0,12,7,10,15,2
906,2011-12-07 10:30:00,0,12,7,10,30,2
907,2011-12-07 10:45:00,0,12,7,10,45,2
908,2011-12-07 11:00:00,0,12,7,11,0,2
909,2011-12-07 11:15:00,1,12,7,11,15,2
910,2011-12-07 11:30:00,1,12,7,11,30,2
911,2011-12-07 11:45:00,1,12,7,11,45,2
912,2011-12-07 12:00:00,1,12,7,12,0,2
913,2011-12-07 12:15:00,1,12,7,12,15,2
914,2011-12-07 12:30:00,1,12,7,12,30,2
915,2011-12-07 12:45:00,1,12,7,12,45,2
916,2011-12-07 13:00:00,1,12,7,13,0,2
917,2011-12-07 13:15:00,1,12,7,13,15,2
918,2011-12-07 13:30:00,1,12,7,13,30,2
919,2011-12-07 13:45:00,1,12,7,13,45,2
920,2011-12-07 14:00:00,0,12,7,14,0,2
921,2011-12-07 14:15:00,0,12,7,14,15,2
922,2011-12-07 14:30:00,1,12,7,14,30,2
923,2011-12-07 14:45:00,1,12,7,14,45,2
924,2011-12-07 15:00:00,1,12,7,15,0,2
925,2011-12-07 15:15:00,1,12,7,15,15,2
926,2011-12-07 15:30:00,1,12,7,15,30,2
927,2011-12-07 15:45:00,1,12,7,15,45,2
928,2011-12-07 16:00:00,1,12,7,16,0,2
929,2011-12-07 16:15:00,0,12,7,16,15,2
930,2011-12-07 16:30:00,0,12,7,16,30,2
931,2011-12-07 16:45:00,0,12,7,16,45,2
932,2011-12-07 17:00:00,0,12,7,17,0,2
933,2011-12-07 17:15:00,0,12,7,17,15,2
934,2011-12-07 17:30:00,0,12,7,17,30,2
935,2011-12-07 17:45:00,0,12,7,17,45,2
936,2011-12-07 18:00:00,0,12,7,18,0,2
937,2011-12-07 18:15:00,1,12,7,18,15,2
938,2011-12-07 18:30:00,1,12,7,18,30,2
939,2011-12-07 18:45:00,1,12,7,18,45,2
940,2011-12-07 19:00:00,1,12,7,19,0,2
941,2011-12-07 19:15:00,1,12,7,19,15,2
942,2011-12-07 19:30:00,0,12,7,19,30,2
943,2011-12-07 19:45:00,0,12,7,19,45,2
944,2011-12-07 20:00:00,0,12,7,20,0,2
945,2011-12-07 20:15:00,0,12,7,20,15,2
946,2011-12-07 20:30:00,1,12,7,20,30,2
947,2011-12-07 20:45:00,1,12,7,20,45,2
948,2011-12-07 21:00:00,1,12,7,21,0,2
949,2011-12-07 21:15:00,1,12,7,21,15,2
950,2011-12-07 21:30:00,1,12,7,21,30,2
951,2011-12-07 21:45:00,1,12,7,21,45,2
952,2011-12-07 22:00:00,1,12,7,22,0,2
953,2011-12-07 22:15:00,1,12,7,22,15,2
954,2011-12-07 22:30:00,1,12,7,22,30,2
955,2011-12-07 22:45:00,1,12,7,22,45,2
956,2011-12-07 23:00:00,1,12,7,23,0,2
957,2011-12-07 23:15:00,1,12,7,23,15,2
958,2011-12-07 23:30:00,1,12,7,23,30,2
959,2011-12-07 23:45:00,1,12,7,23,45,2
960,2011-12-08 00:00:00,1,12,8,0,0,3
961,2011-12-08 00:15:00,1,12,8,0,15,3
962,2011-12-08 00:30:00,1,12,8,0,30,3
963,2011-12-08 00:45:00,1,12,8,0,45,3
964,2011-12-08 01:00:00,1,12,8,1,0,3
965,2011-12-08 01:15:00,1,12,8,1,15,3
966,2011-12-08 01:30:00,1,12,8,1,30,3
967,2011-12-08 01:45:00,0,12,8,1,45,3
968,2011-12-08 02:00:00,0,12,8,2,0,3
969,2011-12-08 02:15:00,0,12,8,2,15,3
970,2011-12-08 02:30:00,0,12,8,2,30,3
971,2011-12-08 02:45:00,0,12,8,2,45,3
972,2011-12-08 03:00:00,0,12,8,3,0,3
973,2011-12-08 03:15:00,0,12,8,3,15,3
974,2011-12-08 03:30:00,0,12,8,3,30,3
975,2011-12-08 03:45:00,0,12,8,3,45,3
976,2011-12-08 04:00:00,0,12,8,4,0,3
977,2011-12-08 04:15:00,0,12,8,4,15,3
978,2011-12-08 04:30:00,0,12,8,4,30,3
979,2011-12-08 04:45:00,0,12,8,4,45,3
980,2011-12-08 05:00:00,0,12,8,5,0,3
981,2011-12-08 05:15:00,0,12,8,5,15,3
982,2011-12-08 05:30:00,0,12,8,5,30,3
983,2011-12-08 05:45:00,0,12,8,5,45,3
984,2011-12-08 06:00:00,0,12,8,6,0,3
985,2011-12-08 06:15:00,0,12,8,6,15,3
986,2011-12-08 06:30:00,0,12,8,6,30,3
987,2011-12-08 06:45:00,0,12,8,6,45,3
988,2011-12-08 07:00:00,0,12,8,7,0,3
989,2011-12-08 07:15:00,0,12,8,7,15,3
990,2011-12-08 07:30:00,0,12,8,7,30,3
991,2011-12-08 07:45:00,0,12,8,7,45,3
992,2011-12-08 08:00:00,0,12,8,8,0,3
993,2011-12-08 08:15:00,0,12,8,8,15,3
994,2011-12-08 08:30:00,0,12,8,8,30,3
995,2011-12-08 08:45:00,0,12,8,8,45,3
996,2011-12-08 09:00:00,0,12,8,9,0,3
997,2011-12-08 09:15:00,0,12,8,9,15,3
998,2011-12-08 09:30:00,0,12,8,9,30,3
999,2011-12-08 09:45:00,0,12,8,9,45,3
1000,2011-12-08 10:00:00,0,12,8,10,0,3
1001,2011-12-08 10:15:00,0,12,8,10,15,3
1002,2011-12-08 10:30:00,0,12,8,10,30,3
1003,2011-12-08 10:45:00,0,12,8,10,45,3
1004,2011-12-08 11:00:00,0,12,8,11,0,3
1005,2011-12-08 11:15:00,0,12,8,11,15,3
1006,2011-12-08 11:30:00,1,12,8,11,30,3
1007,2011-12-08 11:45:00,1,12,8,11,45,3
1008,2011-12-08 12:00:00,1,12,8,12,0,3
1009,2011-12-08 12:15:00,1,12,8,12,15,3
1010,2011-12-08 12:30:00,1,12,8,12,30,3
1011,2011-12-08 12:45:00,1,12,8,12,45,3
1012,2011-12-08 13:00:00,1,12,8,13,0,3
1013,2011-12-08 13:15:00,1,12,8,13,15,3
1014,2011-12-08 13:30:00,1,12,8,13,30,3
1015,2011-12-08 13:45:00,0,12,8,13,45,3
1016,2011-12-08 14:00:00,0,12,8,14,0,3
1017,2011-12-08 14:15:00,0,12,8,14,15,3
1018,2011-12-08 14:30:00,0,12,8,14,30,3
1019,2011-12-08 14:45:00,0,12,8,14,45,3
1020,2011-12-08 15:00:00,0,12,8,15,0,3
1021,2011-12-08 15:15:00,0,12,8,15,15,3
1022,2011-12-08 15:30:00,0,12,8,15,30,3
1023,2011-12-08 15:45:00,0,12,8,15,45,3
1024,2011-12-08 16:00:00,0,12,8,16,0,3
1025,2011-12-08 16:15:00,1,12,8,16,15,3
1026,2011-12-08 16:30:00,1,12,8,16,30,3
1027,2011-12-08 16:45:00,1,12,8,16,45,3
1028,2011-12-08 17:00:00,1,12,8,17,0,3
1029,2011-12-08 17:15:00,1,12,8,17,15,3
1030,2011-12-08 17:30:00,1,12,8,17,30,3
1031,2011-12-08 17:45:00,1,12,8,17,45,3
1032,2011-12-08 18:00:00,1,12,8,18,0,3
1033,2011-12-08 18:15:00,1,12,8,18,15,3
1034,2011-12-08 18:30:00,1,12,8,18,30,3
1035,2011-12-08 18:45:00,1,12,8,18,45,3
1036,2011-12-08 19:00:00,1,12,8,19,0,3
1037,2011-12-08 19:15:00,1,12,8,19,15,3
1038,2011-12-08 19:30:00,1,12,8,19,30,3
1039,2011-12-08 19:45:00,1,12,8,19,45,3
1040,2011-12-08 20:00:00,1,12,8,20,0,3
1041,2011-12-08 20:15:00,1,12,8,20,15,3
1042,2011-12-08 20:30:00,1,12,8,20,30,3
1043,2011-12-08 20:45:00,1,12,8,20,45,3
1044,2011-12-08 21:00:00,1,12,8,21,0,3
1045,2011-12-08 21:15:00,1,12,8,21,15,3
1046,2011-12-08 21:30:00,1,12,8,21,30,3
1047,2011-12-08 21:45:00,1,12,8,21,45,3
1048,2011-12-08 22:00:00,1,12,8,22,0,3
1049,2011-12-08 22:15:00,1,12,8,22,15,3
1050,2011-12-08 22:30:00,1,12,8,22,30,3
1051,2011-12-08 22:45:00,1,12,8,22,45,3
1052,2011-12-08 23:00:00,1,12,8,23,0,3
1053,2011-12-08 23:15:00,1,12,8,23,15,3
1054,2011-12-08 23:30:00,1,12,8,23,30,3
1055,2011-12-08 23:45:00,1,12,8,23,45,3
1056,2011-12-09 00:00:00,1,12,9,0,0,4
1057,2011-12-09 00:15:00,1,12,9,0,15,4
1058,2011-12-09 00:30:00,1,12,9,0,30,4
1059,2011-12-09 00:45:00,1,12,9,0,45,4
1060,2011-12-09 01:00:00,1,12,9,1,0,4
1061,2011-12-09 01:15:00,0,12,9,1,15,4
1062,2011-12-09 01:30:00,0,12,9,1,30,4
1063,2011-12-09 01:45:00,0,12,9,1,45,4
1064,2011-12-09 02:00:00,0,12,9,2,0,4
1065,2011-12-09 02:15:00,0,12,9,2,15,4
1066,2011-12-09 02:30:00,0,12,9,2,30,4
1067,2011-12-09 02:45:00,0,12,9,2,45,4
1068,2011-12-09 03:00:00,0,12,9,3,0,4
1069,2011-12-09 03:15:00,0,12,9,3,15,4
1070,2011-12-09 03:30:00,0,12,9,3,30,4
1071,2011-12-09 03:45:00,0,12,9,3,45,4
1072,2011-12-09 04:00:00,0,12,9,4,0,4
1073,2011-12-09 04:15:00,0,12,9,4,15,4
1074,2011-12-09 04:30:00,0,12,9,4,30,4
1075,2011-12-09 04:45:00,0,12,9,4,45,4
1076,2011-12-09 05:00:00,0,12,9,5,0,4
1077,2011-12-09 05:15:00,0,12,9,5,15,4
1078,2011-12-09 05:30:00,0,12,9,5,30,4
1079,2011-12-09 05:45:00,0,12,9,5,45,4
1080,2011-12-09 06:00:00,0,12,9,6,0,4
1081,2011-12-09 06:15:00,0,12,9,6,15,4
1082,2011-12-09 06:30:00,0,12,9,6,30,4
1083,2011-12-09 06:45:00,0,12,9,6,45,4
1084,2011-12-09 07:00:00,0,12,9,7,0,4
1085,2011-12-09 07:15:00,0,12,9,7,15,4
1086,2011-12-09 07:30:00,0,12,9,7,30,4
1087,2011-12-09 07:45:00,0,12,9,7,45,4
1088,2011-12-09 08:00:00,0,12,9,8,0,4
1089,2011-12-09 08:15:00,0,12,9,8,15,4
1090,2011-12-09 08:30:00,0,12,9,8,30,4
1091,2011-12-09 08:45:00,0,12,9,8,45,4
1092,2011-12-09 09:00:00,0,12,9,9,0,4
1093,2011-12-09 09:15:00,0,12,9,9,15,4
1094,2011-12-09 09:30:00,0,12,9,9,30,4
1095,2011-12-09 09:45:00,0,12,9,9,45,4
1096,2011-12-09 10:00:00,0,12,9,10,0,4
1097,2011-12-09 10:15:00,0,12,9,10,15,4
1098,2011-12-09 10:30:00,0,12,9,10,30,4
1099,2011-12-09 10:45:00,0,12,9,10,45,4
1100,2011-12-09 11:00:00,1,12,9,11,0,4
1101,2011-12-09 11:15:00,1,12,9,11,15,4
1102,2011-12-09 11:30:00,1,12,9,11,30,4
1103,2011-12-09 11:45:00,1,12,9,11,45,4
1104,2011-12-09 12:00:00,1,12,9,12,0,4
1105,2011-12-09 12:15:00,1,12,9,12,15,4
1106,2011-12-09 12:30:00,1,12,9,12,30,4
1107,2011-12-09 12:45:00,0,12,9,12,45,4
1108,2011-12-09 13:00:00,0,12,9,13,0,4
1109,2011-12-09 13:15:00,0,12,9,13,15,4
1110,2011-12-09 13:30:00,0,12,9,13,30,4
1111,2011-12-09 13:45:00,0,12,9,13,45,4
1112,2011-12-09 14:00:00,0,12,9,14,0,4
1113,2011-12-09 14:15:00,0,12,9,14,15,4
1114,2011-12-09 14:30:00,0,12,9,14,30,4
1115,2011-12-09 14:45:00,0,12,9,14,45,4
1116,2011-12-09 15:00:00,0,12,9,15,0,4
1117,2011-12-09 15:15:00,0,12,9,15,15,4
1118,2011-12-09 15:30:00,0,12,9,15,30,4
1119,2011-12-09 15:45:00,0,12,9,15,45,4
1120,2011-12-09 16:00:00,0,12,9,16,0,4
1121,2011-12-09 16:15:00,0,12,9,16,15,4
1122,2011-12-09 16:30:00,0,12,9,16,30,4
1123,2011-12-09 16:45:00,1,12,9,16,45,4
1124,2011-12-09 17:00:00,1,12,9,17,0,4
1125,2011-12-09 17:15:00,1,12,9,17,15,4
1126,2011-12-09 17:30:00,1,12,9,17,30,4
1127,2011-12-09 17:45:00,1,12,9,17,45,4
1128,2011-12-09 18:00:00,1,12,9,18,0,4
1129,2011-12-09 18:15:00,1,12,9,18,15,4
1130,2011-12-09 18:30:00,0,12,9,18,30,4
1131,2011-12-09 18:45:00,0,12,9,18,45,4
1132,2011-12-09 19:00:00,0,12,9,19,0,4
1133,2011-12-09 19:15:00,1,12,9,19,15,4
1134,2011-12-09 19:30:00,1,12,9,19,30,4
1135,2011-12-09 19:45:00,1,12,9,19,45,4
1136,2011-12-09 20:00:00,1,12,9,20,0,4
1137,2011-12-09 20:15:00,1,12,9,20,15,4
1138,2011-12-09 20:30:00,1,12,9,20,30,4
1139,2011-12-09 20:45:00,1,12,9,20,45,4
1140,2011-12-09 21:00:00,1,12,9,21,0,4
1141,2011-12-09 21:15:00,1,12,9,21,15,4
1142,2011-12-09 21:30:00,1,12,9,21,30,4
1143,2011-12-09 21:45:00,1,12,9,21,45,4
1144,2011-12-09 22:00:00,1,12,9,22,0,4
1145,2011-12-09 22:15:00,1,12,9,22,15,4
1146,2011-12-09 22:30:00,1,12,9,22,30,4
1147,2011-12-09 22:45:00,1,12,9,22,45,4
1148,2011-12-09 23:00:00,1,12,9,23,0,4
1149,2011-12-09 23:15:00,1,12,9,23,15,4
1150,2011-12-09 23:30:00,1,12,9,23,30,4
1151,2011-12-09 23:45:00,1,12,9,23,45,4
1152,2011-12-10 00:00:00,1,12,10,0,0,5
1153,2011-12-10 00:15:00,1,12,10,0,15,5
1154,2011-12-10 00:30:00,1,12,10,0,30,5
1155,2011-12-10 00:45:00,1,12,10,0,45,5
1156,2011-12-10 01:00:00,0,12,10,1,0,5
1157,2011-12-10 01:15:00,0,12,10,1,15,5
1158,2011-12-10 01:30:00,0,12,10,1,30,5
1159,2011-12-10 01:45:00,0,12,10,1,45,5
1160,2011-12-10 02:00:00,0,12,10,2,0,5
1161,2011-12-10 02:15:00,0,12,10,2,15,5
1162,2011-12-10 02:30:00,0,12,10,2,30,5
1163,2011-12-10 02:45:00,0,12,10,2,45,5
1164,2011-12-10 03:00:00,0,12,10,3,0,5
1165,2011-12-10 03:15:00,0,12,10,3,15,5
1166,2011-12-10 03:30:00,0,12,10,3,30,5
1167,2011-12-10 03:45:00,0,12,10,3,45,5
1168,2011-12-10 04:00:00,0,12,10,4,0,5
1169,2011-12-10 04:15:00,0,12,10,4,15,5
1170,2011-12-10 04:30:00,0,12,10,4,30,5
1171,2011-12-10 04:45:00,0,12,10,4,45,5
1172,2011-12-10 05:00:00,0,12,10,5,0,5
1173,2011-12-10 05:15:00,0,12,10,5,15,5
1174,2011-12-10 05:30:00,0,12,10,5,30,5
1175,2011-12-10 05:45:00,0,12,10,5,45,5
1176,2011-12-10 06:00:00,0,12,10,6,0,5
1177,2011-12-10 06:15:00,0,12,10,6,15,5
1178,2011-12-10 06:30:00,0,12,10,6,30,5
1179,2011-12-10 06:45:00,0,12,10,6,45,5
1180,2011-12-10 07:00:00,0,12,10,7,0,5
1181,2011-12-10 07:15:00,0,12,10,7,15,5
1182,2011-12-10 07:30:00,0,12,10,7,30,5
1183,2011-12-10 07:45:00,0,12,10,7,45,5
1184,2011-12-10 08:00:00,0,12,10,8,0,5
1185,2011-12-10 08:15:00,0,12,10,8,15,5
1186,2011-12-10 08:30:00,0,12,10,8,30,5
1187,2011-12-10 08:45:00,0,12,10,8,45,5
1188,2011-12-10 09:00:00,0,12,10,9,0,5
1189,2011-12-10 09:15:00,0,12,10,9,15,5
1190,2011-12-10 09:30:00,0,12,10,9,30,5
1191,2011-12-10 09:45:00,0,12,10,9,45,5
1192,2011-12-10 10:00:00,1,12,10,10,0,5
1193,2011-12-10 10:15:00,1,12,10,10,15,5
1194,2011-12-10 10:30:00,1,12,10,10,30,5
1195,2011-12-10 10:45:00,1,12,10,10,45,5
1196,2011-12-10 11:00:00,1,12,10,11,0,5
1197,2011-12-10 11:15:00,1,12,10,11,15,5
1198,2011-12-10 11:30:00,1,12,10,11,30,5
1199,2011-12-10 11:45:00,1,12,10,11,45,5
1200,2011-12-10 12:00:00,1,12,10,12,0,5
1201,2011-12-10 12:15:00,1,12,10,12,15,5
1202,2011-12-10 12:30:00,1,12,10,12,30,5
1203,2011-12-10 12:45:00,0,12,10,12,45,5
1204,2011-12-10 13:00:00,0,12,10,13,0,5
1205,2011-12-10 13:15:00,0,12,10,13,15,5
1206,2011-12-10 13:30:00,0,12,10,13,30,5
1207,2011-12-10 13:45:00,0,12,10,13,45,5
1208,2011-12-10 14:00:00,0,12,10,14,0,5
1209,2011-12-10 14:15:00,0,12,10,14,15,5
1210,2011-12-10 14:30:00,0,12,10,14,30,5
1211,2011-12-10 14:45:00,0,12,10,14,45,5
1212,2011-12-10 15:00:00,0,12,10,15,0,5
1213,2011-12-10 15:15:00,0,12,10,15,15,5
1214,2011-12-10 15:30:00,0,12,10,15,30,5
1215,2011-12-10 15:45:00,0,12,10,15,45,5
1216,2011-12-10 16:00:00,0,12,10,16,0,5
1217,2011-12-10 16:15:00,0,12,10,16,15,5
1218,2011-12-10 16:30:00,0,12,10,16,30,5
1219,2011-12-10 16:45:00,0,12,10,16,45,5
1220,2011-12-10 17:00:00,1,12,10,17,0,5
1221,2011-12-10 17:15:00,1,12,10,17,15,5
1222,2011-12-10 17:30:00,1,12,10,17,30,5
1223,2011-12-10 17:45:00,1,12,10,17,45,5
1224,2011-12-10 18:00:00,1,12,10,18,0,5
1225,2011-12-10 18:15:00,1,12,10,18,15,5
1226,2011-12-10 18:30:00,1,12,10,18,30,5
1227,2011-12-10 18:45:00,1,12,10,18,45,5
1228,2011-12-10 19:00:00,1,12,10,19,0,5
1229,2011-12-10 19:15:00,1,12,10,19,15,5
1230,2011-12-10 19:30:00,1,12,10,19,30,5
1231,2011-12-10 19:45:00,1,12,10,19,45,5
1232,2011-12-10 20:00:00,1,12,10,20,0,5
1233,2011-12-10 20:15:00,1,12,10,20,15,5
1234,2011-12-10 20:30:00,0,12,10,20,30,5
1235,2011-12-10 20:45:00,0,12,10,20,45,5
1236,2011-12-10 21:00:00,0,12,10,21,0,5
1237,2011-12-10 21:15:00,0,12,10,21,15,5
1238,2011-12-10 21:30:00,0,12,10,21,30,5
1239,2011-12-10 21:45:00,0,12,10,21,45,5
1240,2011-12-10 22:00:00,0,12,10,22,0,5
1241,2011-12-10 22:15:00,0,12,10,22,15,5
1242,2011-12-10 22:30:00,0,12,10,22,30,5
1243,2011-12-10 22:45:00,0,12,10,22,45,5
1244,2011-12-10 23:00:00,0,12,10,23,0,5
1245,2011-12-10 23:15:00,0,12,10,23,15,5
1246,2011-12-10 23:30:00,0,12,10,23,30,5
1247,2011-12-10 23:45:00,0,12,10,23,45,5
1248,2011-12-11 00:00:00,0,12,11,0,0,6
1249,2011-12-11 00:15:00,0,12,11,0,15,6
1250,2011-12-11 00:30:00,0,12,11,0,30,6
1251,2011-12-11 00:45:00,0,12,11,0,45,6
1252,2011-12-11 01:00:00,1,12,11,1,0,6
1253,2011-12-11 01:15:00,1,12,11,1,15,6
1254,2011-12-11 01:30:00,1,12,11,1,30,6
1255,2011-12-11 01:45:00,1,12,11,1,45,6
1256,2011-12-11 02:00:00,1,12,11,2,0,6
1257,2011-12-11 02:15:00,1,12,11,2,15,6
1258,2011-12-11 02:30:00,0,12,11,2,30,6
1259,2011-12-11 02:45:00,0,12,11,2,45,6
1260,2011-12-11 03:00:00,0,12,11,3,0,6
1261,2011-12-11 03:15:00,0,12,11,3,15,6
1262,2011-12-11 03:30:00,0,12,11,3,30,6
1263,2011-12-11 03:45:00,0,12,11,3,45,6
1264,2011-12-11 04:00:00,0,12,11,4,0,6
1265,2011-12-11 04:15:00,0,12,11,4,15,6
1266,2011-12-11 04:30:00,0,12,11,4,30,6
1267,2011-12-11 04:45:00,0,12,11,4,45,6
1268,2011-12-11 05:00:00,0,12,11,5,0,6
1269,2011-12-11 05:15:00,0,12,11,5,15,6
1270,2011-12-11 05:30:00,0,12,11,5,30,6
1271,2011-12-11 05:45:00,0,12,11,5,45,6
1272,2011-12-11 06:00:00,0,12,11,6,0,6
1273,2011-12-11 06:15:00,0,12,11,6,15,6
1274,2011-12-11 06:30:00,0,12,11,6,30,6
1275,2011-12-11 06:45:00,0,12,11,6,45,6
1276,2011-12-11 07:00:00,0,12,11,7,0,6
1277,2011-12-11 07:15:00,0,12,11,7,15,6
1278,2011-12-11 07:30:00,0,12,11,7,30,6
1279,2011-12-11 07:45:00,0,12,11,7,45,6
1280,2011-12-11 08:00:00,0,12,11,8,0,6
1281,2011-12-11 08:15:00,0,12,11,8,15,6
1282,2011-12-11 08:30:00,0,12,11,8,30,6
1283,2011-12-11 08:45:00,0,12,11,8,45,6
1284,2011-12-11 09:00:00,0,12,11,9,0,6
1285,2011-12-11 09:15:00,0,12,11,9,15,6
1286,2011-12-11 09:30:00,0,12,11,9,30,6
1287,2011-12-11 09:45:00,0,12,11,9,45,6
1288,2011-12-11 10:00:00,0,12,11,10,0,6
1289,2011-12-11 10:15:00,0,12,11,10,15,6
1290,2011-12-11 10:30:00,0,12,11,10,30,6
1291,2011-12-11 10:45:00,0,12,11,10,45,6
1292,2011-12-11 11:00:00,0,12,11,11,0,6
1293,2011-12-11 11:15:00,0,12,11,11,15,6
1294,2011-12-11 11:30:00,0,12,11,11,30,6
1295,2011-12-11 11:45:00,0,12,11,11,45,6
1296,2011-12-11 12:00:00,0,12,11,12,0,6
1297,2011-12-11 12:15:00,0,12,11,12,15,6
1298,2011-12-11 12:30:00,1,12,11,12,30,6
1299,2011-12-11 12:45:00,1,12,11,12,45,6
1300,2011-12-11 13:00:00,1,12,11,13,0,6
1301,2011-12-11 13:15:00,1,12,11,13,15,6
1302,2011-12-11 13:30:00,1,12,11,13,30,6
1303,2011-12-11 13:45:00,1,12,11,13,45,6
1304,2011-12-11 14:00:00,1,12,11,14,0,6
1305,2011-12-11 14:15:00,1,12,11,14,15,6
1306,2011-12-11 14:30:00,0,12,11,14,30,6
1307,2011-12-11 14:45:00,0,12,11,14,45,6
1308,2011-12-11 15:00:00,0,12,11,15,0,6
1309,2011-12-11 15:15:00,0,12,11,15,15,6
1310,2011-12-11 15:30:00,1,12,11,15,30,6
1311,2011-12-11 15:45:00,1,12,11,15,45,6
1312,2011-12-11 16:00:00,1,12,11,16,0,6
1313,2011-12-11 16:15:00,1,12,11,16,15,6
1314,2011-12-11 16:30:00,1,12,11,16,30,6
1315,2011-12-11 16:45:00,1,12,11,16,45,6
1316,2011-12-11 17:00:00,1,12,11,17,0,6
1317,2011-12-11 17:15:00,1,12,11,17,15,6
1318,2011-12-11 17:30:00,1,12,11,17,30,6
1319,2011-12-11 17:45:00,1,12,11,17,45,6
1320,2011-12-11 18:00:00,1,12,11,18,0,6
1321,2011-12-11 18:15:00,1,12,11,18,15,6
1322,2011-12-11 18:30:00,1,12,11,18,30,6
1323,2011-12-11 18:45:00,1,12,11,18,45,6
1324,2011-12-11 19:00:00,1,12,11,19,0,6
1325,2011-12-11 19:15:00,1,12,11,19,15,6
1326,2011-12-11 19:30:00,1,12,11,19,30,6
1327,2011-12-11 19:45:00,1,12,11,19,45,6
1328,2011-12-11 20:00:00,1,12,11,20,0,6
1329,2011-12-11 20:15:00,1,12,11,20,15,6
1330,2011-12-11 20:30:00,1,12,11,20,30,6
1331,2011-12-11 20:45:00,1,12,11,20,45,6
1332,2011-12-11 21:00:00,1,12,11,21,0,6
1333,2011-12-11 21:15:00,1,12,11,21,15,6
1334,2011-12-11 21:30:00,1,12,11,21,30,6
1335,2011-12-11 21:45:00,0,12,11,21,45,6
1336,2011-12-11 22:00:00,0,12,11,22,0,6
1337,2011-12-11 22:15:00,0,12,11,22,15,6
1338,2011-12-11 22:30:00,0,12,11,22,30,6
1339,2011-12-11 22:45:00,0,12,11,22,45,6
1340,2011-12-11 23:00:00,0,12,11,23,0,6
1341,2011-12-11 23:15:00,0,12,11,23,15,6
1342,2011-12-11 23:30:00,0,12,11,23,30,6
1343,2011-12-11 23:45:00,0,12,11,23,45,6
1344,2011-12-12 00:00:00,0,12,12,0,0,0
1345,2011-12-12 00:15:00,0,12,12,0,15,0
1346,2011-12-12 00:30:00,0,12,12,0,30,0
1347,2011-12-12 00:45:00,0,12,12,0,45,0
1348,2011-12-12 01:00:00,0,12,12,1,0,0
1349,2011-12-12 01:15:00,0,12,12,1,15,0
1350,2011-12-12 01:30:00,0,12,12,1,30,0
1351,2011-12-12 01:45:00,0,12,12,1,45,0
1352,2011-12-12 02:00:00,0,12,12,2,0,0
1353,2011-12-12 02:15:00,0,12,12,2,15,0
1354,2011-12-12 02:30:00,0,12,12,2,30,0
1355,2011-12-12 02:45:00,0,12,12,2,45,0
1356,2011-12-12 03:00:00,0,12,12,3,0,0
1357,2011-12-12 03:15:00,0,12,12,3,15,0
1358,2011-12-12 03:30:00,0,12,12,3,30,0
1359,2011-12-12 03:45:00,0,12,12,3,45,0
1360,2011-12-12 04:00:00,0,12,12,4,0,0
1361,2011-12-12 04:15:00,0,12,12,4,15,0
1362,2011-12-12 04:30:00,0,12,12,4,30,0
1363,2011-12-12 04:45:00,0,12,12,4,45,0
1364,2011-12-12 05:00:00,0,12,12,5,0,0
1365,2011-12-12 05:15:00,0,12,12,5,15,0
1366,2011-12-12 05:30:00,0,12,12,5,30,0
1367,2011-12-12 05:45:00,0,12,12,5,45,0
1368,2011-12-12 06:00:00,0,12,12,6,0,0
1369,2011-12-12 06:15:00,0,12,12,6,15,0
1370,2011-12-12 06:30:00,0,12,12,6,30,0
1371,2011-12-12 06:45:00,0,12,12,6,45,0
1372,2011-12-12 07:00:00,0,12,12,7,0,0
1373,2011-12-12 07:15:00,0,12,12,7,15,0
1374,2011-12-12 07:30:00,0,12,12,7,30,0
1375,2011-12-12 07:45:00,0,12,12,7,45,0
1376,2011-12-12 08:00:00,0,12,12,8,0,0
1377,2011-12-12 08:15:00,0,12,12,8,15,0
1378,2011-12-12 08:30:00,0,12,12,8,30,0
1379,2011-12-12 08:45:00,0,12,12,8,45,0
1380,2011-12-12 09:00:00,0,12,12,9,0,0
1381,2011-12-12 09:15:00,0,12,12,9,15,0
1382,2011-12-12 09:30:00,0,12,12,9,30,0
1383,2011-12-12 09:45:00,0,12,12,9,45,0
1384,2011-12-12 10:00:00,0,12,12,10,0,0
1385,2011-12-12 10:15:00,0,12,12,10,15,0
1386,2011-12-12 10:30:00,0,12,12,10,30,0
1387,2011-12-12 10:45:00,0,12,12,10,45,0
1388,2011-12-12 11:00:00,0,12,12,11,0,0
1389,2011-12-12 11:15:00,0,12,12,11,15,0
1390,2011-12-12 11:30:00,0,12,12,11,30,0
1391,2011-12-12 11:45:00,0,12,12,11,45,0
1392,2011-12-12 12:00:00,0,12,12,12,0,0
1393,2011-12-12 12:15:00,0,12,12,12,15,0
1394,2011-12-12 12:30:00,0,12,12,12,30,0
1395,2011-12-12 12:45:00,0,12,12,12,45,0
1396,2011-12-12 13:00:00,0,12,12,13,0,0
1397,2011-12-12 13:15:00,0,12,12,13,15,0
1398,2011-12-12 13:30:00,0,12,12,13,30,0
1399,2011-12-12 13:45:00,0,12,12,13,45,0
1400,2011-12-12 14:00:00,0,12,12,14,0,0
1401,2011-12-12 14:15:00,0,12,12,14,15,0
1402,2011-12-12 14:30:00,0,12,12,14,30,0
1403,2011-12-12 14:45:00,0,12,12,14,45,0
1404,2011-12-12 15:00:00,0,12,12,15,0,0
1405,2011-12-12 15:15:00,0,12,12,15,15,0
1406,2011-12-12 15:30:00,0,12,12,15,30,0
1407,2011-12-12 15:45:00,0,12,12,15,45,0
1408,2011-12-12 16:00:00,0,12,12,16,0,0
1409,2011-12-12 16:15:00,0,12,12,16,15,0
1410,2011-12-12 16:30:00,0,12,12,16,30,0
1411,2011-12-12 16:45:00,0,12,12,16,45,0
1412,2011-12-12 17:00:00,0,12,12,17,0,0
1413,2011-12-12 17:15:00,0,12,12,17,15,0
1414,2011-12-12 17:30:00,0,12,12,17,30,0
1415,2011-12-12 17:45:00,0,12,12,17,45,0
1416,2011-12-12 18:00:00,0,12,12,18,0,0
1417,2011-12-12 18:15:00,0,12,12,18,15,0
1418,2011-12-12 18:30:00,0,12,12,18,30,0
1419,2011-12-12 18:45:00,0,12,12,18,45,0
1420,2011-12-12 19:00:00,0,12,12,19,0,0
1421,2011-12-12 19:15:00,0,12,12,19,15,0
1422,2011-12-12 19:30:00,0,12,12,19,30,0
1423,2011-12-12 19:45:00,0,12,12,19,45,0
1424,2011-12-12 20:00:00,0,12,12,20,0,0
1425,2011-12-12 20:15:00,0,12,12,20,15,0
1426,2011-12-12 20:30:00,0,12,12,20,30,0
1427,2011-12-12 20:45:00,0,12,12,20,45,0
1428,2011-12-12 21:00:00,0,12,12,21,0,0
1429,2011-12-12 21:15:00,0,12,12,21,15,0
1430,2011-12-12 21:30:00,0,12,12,21,30,0
1431,2011-12-12 21:45:00,0,12,12,21,45,0
1432,2011-12-12 22:00:00,0,12,12,22,0,0
1433,2011-12-12 22:15:00,0,12,12,22,15,0
1434,2011-12-12 22:30:00,0,12,12,22,30,0
1435,2011-12-12 22:45:00,0,12,12,22,45,0
1436,2011-12-12 23:00:00,0,12,12,23,0,0
